Workbook

Sheet sheet1
A1: Property ID | B1: UPRN | C1: No Range | D1: Building Name | E1: Street No | F1: Street | G1: Town | H1: Pcode | I1: External - can you access via a trade button or intercom? | J1: External - what times are they available or any other information? | K1: External - is a fire brigade drop switch available? | L1: External - what type of key | M1: Internal - is a fob or key required? | N1: Internal - what type of key | O1: Internal - Add a description if needed | P1: Internal - is a key code required? | Q1: Contact | R1: Contact Confirmed | S1: Contact email | T1: Primary Contact Number | U1: Secondary Contact Number | V1: Notes | W1: Other Possible Contact Details | Z1: Other Possible Contact Details
A2: 4209 | B2: ACTO0023 | C2: A-C | E2: 23 | F2: Acton Lane | G2: London | H2: NW10 8UX | I2: No | K2: No | M2: Yes | N2: FB key | O2: FB2 | P2: No | Z2: =_xlfn.LET(_xlpm.result,VLOOKUP(B2,FurtherContactDetails!$A$1:$B$1803,2,FALSE), _xlfn.IFNA(IF(_xlpm.result=0,"",_xlpm.result),""))
A3: 4210 | B3: ACTO0035 | C3: A-B | E3: 35 | F3: Acton Lane | G3: London | H3: NW10 8UX | I3: No | K3: No | M3: Yes | N3: FB key | O3: Meter Key | P3: No | Z3: =_xlfn.LET(_xlpm.result,VLOOKUP(B3,FurtherContactDetails!$A$1:$B$1803,2,FALSE), _xlfn.IFNA(IF(_xlpm.result=0,"",_xlpm.result),""))
A4: 14314 | B4: AIRC0001 | C4: 1-29 | F4: Airco Close | G4: London | H4: NW9 0NW | I4: Yes | K4: Yes | L4: Drop key | M4: Yes | N4: FB key | O4: FB2 for service cupboards, T Bar for false ceiling hatches, drop key for open balcony access | P4: No | Q4: Amarjit Gujral | S4: amarjit@apnaghar.org.uk | T4: 02037645082 | U4: 07920776348 | Z4: =_xlfn.LET(_xlpm.result,VLOOKUP(B4,FurtherContactDetails!$A$1:$B$1803,2,FALSE), _xlfn.IFNA(IF(_xlpm.result=0,"",_xlpm.result),""))
A5: 14315 | B5: AIRC0105 | C5: 105-128 | F5: Airco Close | G5: London | H5: NW9 0NX | I5: Yes | K5: Yes | L5: Drop key | M5: Yes | N5: FB key | O5: FB1&2 for service risers, drop key for balcony access | P5: No | Q5: Amarjit Gujral | S5: amarjit@apnaghar.org.uk | T5: 02037645082 | U5: 07920776348 | Z5: =_xlfn.LET(_xlpm.result,VLOOKUP(B5,FurtherContactDetails!$A$1:$B$1803,2,FALSE), _xlfn.IFNA(IF(_xlpm.result=0,"",_xlpm.result),""))
A6: 4212 | B6: ANSO0041 | C6: A-C | E6: 41 | F6: Anson Road | G6: London | H6: NW2 3UY | I6: Yes | K6: No | M6: Yes | N6: FB key | O6: Meter Key | P6: No | Z6: =_xlfn.LET(_xlpm.result,VLOOKUP(B6,FurtherContactDetails!$A$1:$B$1803,2,FALSE), _xlfn.IFNA(IF(_xlpm.result=0,"",_xlpm.result),""))
A7: 73572 | B7: ARAG0000 | C7: 1-6 | D7: Aragon Court | F7: Welwyn Road | G7: Hertford | H7: SG14 2FE | I7: Yes | J7: Intercom only | K7: No | M7: Yes | N7: FB key | O7: FB2 | P7: No | Z7: =_xlfn.LET(_xlpm.result,VLOOKUP(B7,FurtherContactDetails!$A$1:$B$1803,2,FALSE), _xlfn.IFNA(IF(_xlpm.result=0,"",_xlpm.result),""))
A8: 4962 | B8: BALM0027 | C8: A-B | E8: 27 | F8: Balmoral Road | G8: London | H8: NW2 5DU | I8: Yes | J8: Intercom Only | K8: No | M8: Yes | N8: FB key | O8: Meter key | P8: No | Z8: =_xlfn.LET(_xlpm.result,VLOOKUP(B8,FurtherContactDetails!$A$1:$B$1803,2,FALSE), _xlfn.IFNA(IF(_xlpm.result=0,"",_xlpm.result),""))
A9: 33362 | B9: BLAN0000-2 | C9: 29-45 | D9: Blanche Court | F9: Rectory Park Avenue | G9: Southall | H9: UB5 6HG | I9: Yes | J9: Intercom is provided to flats. Trade times are unknown. Entry can also be gained by a key fob. | K9: Yes | L9: Drop key | M9: Yes | N9: FB key | P9: No | Q9: Michael Smith | T9: 02084381061 | Z9: =_xlfn.LET(_xlpm.result,VLOOKUP(B9,FurtherContactDetails!$A$1:$B$1803,2,FALSE), _xlfn.IFNA(IF(_xlpm.result=0,"",_xlpm.result),""))
A10: 8292 | B10: BLEN0061 | C10: A-B | E10: 61 | F10: Blenheim Gardens | G10: London | H10: NW2 4NR | I10: Yes | K10: No | M10: Yes | N10: FB key | P10: No | Z10: =_xlfn.LET(_xlpm.result,VLOOKUP(B10,FurtherContactDetails!$A$1:$B$1803,2,FALSE), _xlfn.IFNA(IF(_xlpm.result=0,"",_xlpm.result),""))
A11: 77061 | B11: ACAD0118 | C11: 118-128 | F11: Academy Way | G11: Loughton, Essex | H11: IG10 3GY | I11: Yes | J11: Intercom is provided to flats. Trade times are unknown. Entry can also be gained by a key fob. | K11: Yes | L11: Drop key | M11: Yes | N11: Fob key | P11: No | Z11: =_xlfn.LET(_xlpm.result,VLOOKUP(B11,FurtherContactDetails!$A$1:$B$1803,2,FALSE), _xlfn.IFNA(IF(_xlpm.result=0,"",_xlpm.result),""))
A12: 4335 | B12: ACAI0000 | C12: 1-32 | D12: Acacia Court | F12: Apline Road | G12: London | H12: NW9 9BP | I12: Yes | J12: Intercom available, no trades | K12: No | M12: Yes | N12: Fob key | O12: Fob required for basement and upper floor flat lobbies | P12: Yes | Z12: =_xlfn.LET(_xlpm.result,VLOOKUP(B12,FurtherContactDetails!$A$1:$B$1803,2,FALSE), _xlfn.IFNA(IF(_xlpm.result=0,"",_xlpm.result),""))
A13: 77407 | B13: AGAE0000-1 | C13: 1-73 | D13: Agate Heights | E13: 98B | F13: Burnt Oak Broadway | G13: Barnet | H13: HA8 0FW | I13: Yes | J13: intercom to flats | K13: Yes | L13: Gerda key | M13: Yes | N13: Fob key | O13: KMS fob required | P13: Yes | Q13: Sayeed Ali | R13: 46169.607 | S13: Sayeed.Ali@sng.org.uk | T13: 07825 931393 | U13: 0204 512 5802 | V13: Contact - Estate.Services-London@sng.org.uk - for access | W13: Rukayat Soaga - 07387 525166 | Z13: =_xlfn.LET(_xlpm.result,VLOOKUP(B13,FurtherContactDetails!$A$1:$B$1803,2,FALSE), _xlfn.IFNA(IF(_xlpm.result=0,"",_xlpm.result),"")) -> Rukayat Soaga - 07387 525166
A14: 78669 | B14: AMET0000 | C14: 1-21 | D14: Amethyst Court | E14: 6 | F14: Woodlands Avenue | G14: London | H14: W3 9DZ | I14: Yes | J14: Intercom to flats | K14: Yes | L14: Drop key | M14: Yes | N14: Fob key | P14: No | W14: Rukayat Soaga - 07387 525166 | Z14: =_xlfn.LET(_xlpm.result,VLOOKUP(B14,FurtherContactDetails!$A$1:$B$1803,2,FALSE), _xlfn.IFNA(IF(_xlpm.result=0,"",_xlpm.result),"")) -> Rukayat Soaga - 07387 525166
A15: 13293 | B15: ARGU0000-2 | C15: 19-36 | D15: Argus Court | E15: 4 | F15: Guardian Avenue | G15: Edgware | H15: NW9 4BE | I15: Yes | J15: Intercom only. | K15: Yes | L15: Drop key | M15: Yes | N15: Fob key | O15: Intratone Fob. | P15: No | Z15: =_xlfn.LET(_xlpm.result,VLOOKUP(B15,FurtherContactDetails!$A$1:$B$1803,2,FALSE), _xlfn.IFNA(IF(_xlpm.result=0,"",_xlpm.result),""))
A16: 66276 | B16: ARLI0000-CP | D16: Arlidge House Car Park | E16: 11-14 | F16: Kirby Street | G16: London | H16: EC1N 8TW | I16: No | K16: Yes | L16: Drop key | M16: Yes | N16: Fob key | O16: PAC Fob | Z16: =_xlfn.LET(_xlpm.result,VLOOKUP(B16,FurtherContactDetails!$A$1:$B$1803,2,FALSE), _xlfn.IFNA(IF(_xlpm.result=0,"",_xlpm.result),""))
A17: 4207 | B17: AURO0000 | C17: 1-62 | D17: Aurora House | F17: Central Way | G17: London | H17: NW10 7FN | M17: Yes | N17: Fob key | O17: Intratone fob. | P17: Yes | Q17: Hemal Ramtale​ | R17: 46218.582 | S17: hemal.ramtale@networkhomes.org.uk | T17: 0792 087 7554 | V17: hemal.ramtale@networkhomes.org.uk | W17: Samuel Drinkwater - 0204 512 5948 | Z17: =_xlfn.LET(_xlpm.result,VLOOKUP(B17,FurtherContactDetails!$A$1:$B$1803,2,FALSE), _xlfn.IFNA(IF(_xlpm.result=0,"",_xlpm.result),"")) -> Samuel Drinkwater - 0204 512 5948
A18: 9089 | B18: AYLS0000 | C18: 2-89 | D18: Aylesbury House | F18: Hatton Road | G18: Wembley | H18: HA0 1QW | I18: Yes | J18: Intercom to flats (no trade button) | K18: No | M18: Yes | N18: Fob key | O18: Collect from concierge in Venice House | P18: No | Q18: Security Office | R18: 46038.454 | S18: 243ealingroad@networkhomes.org.uk | T18: 2089976822 | U18: 7741744603 | W18: Nargis Khan - 07385952920 | Z18: =_xlfn.LET(_xlpm.result,VLOOKUP(B18,FurtherContactDetails!$A$1:$B$1803,2,FALSE), _xlfn.IFNA(IF(_xlpm.result=0,"",_xlpm.result),"")) -> Nargis Khan - 07385952920
A19: 77320 | B19: AYTO0015 | C19: 1-20 | E19: 15 | F19: Aytoun Road | G19: London | H19: SW9 0TT | I19: Yes | J19: Intercom | K19: Yes | L19: Crescent key | M19: Yes | N19: Fob key | O19: collect from 25 Robsart Street Concierge. | P19: No | Z19: =_xlfn.LET(_xlpm.result,VLOOKUP(B19,FurtherContactDetails!$A$1:$B$1803,2,FALSE), _xlfn.IFNA(IF(_xlpm.result=0,"",_xlpm.result),""))
A20: 13854 | B20: BARR0010 | C20: 10-18 | D20: Barrie Court | E20: 30 | F20: Lyonsdown Road | G20: London | H20: EN5 1HZ | I20: Yes | J20: 7am 2pm | K20: No | M20: Yes | N20: Fob key | P20: No | Z20: =_xlfn.LET(_xlpm.result,VLOOKUP(B20,FurtherContactDetails!$A$1:$B$1803,2,FALSE), _xlfn.IFNA(IF(_xlpm.result=0,"",_xlpm.result),""))
A21: 38382 | B21: BENE0001 | C21: 1-33 | D21: Thrayle House | E21: 1 | F21: Benedict Road | G21: London | H21: SW9 0FR | I21: Yes | J21: Intercom is provided to flats. Entry can also be gained by a key fob. No Trade button. | K21: No | M21: Yes | N21: Fob key | O21: fob and non Standard keys for Cads | P21: No | Q21: Sajjad Ashraf | R21: 46105.673 | S21: sajjad.ashraf@sw9.org.uk | T21: 2046043187 | V21: separate FRA conducted on shared carpark BENE0009-CP, Shared Residential Car Park - Benedict Road, 9 Benedict Road Car Park, London, SW9 0FS | W21: Shane S. Simpson - 07345 222 959 | Z21: =_xlfn.LET(_xlpm.result,VLOOKUP(B21,FurtherContactDetails!$A$1:$B$1803,2,FALSE), _xlfn.IFNA(IF(_xlpm.result=0,"",_xlpm.result),"")) -> Shane S. Simpson - 07345 222 959
A22: 39602 | B22: BENE0009-CP | D22: Shared Residential Car Park - Benedict Road | E22: 9 | F22: Benedict Road Car Park | G22: London | H22: SW9 0FS | I22: No | K22: No | M22: Yes | N22: Fob key | O22: collect from concierge | P22: No | Z22: =_xlfn.LET(_xlpm.result,VLOOKUP(B22,FurtherContactDetails!$A$1:$B$1803,2,FALSE), _xlfn.IFNA(IF(_xlpm.result=0,"",_xlpm.result),""))
A23: 4972 | B23: BEST0000 | C23: 1-31 | D23: Best House | F23: Matthews Close | G23: Wembley | H23: HA9 8FE | I23: No | K23: Yes | L23: Drop key | M23: Yes | N23: Fob key | O23: Intratone. | P23: No | W23: Sharon Salmon - 07345 222 965 | Z23: =_xlfn.LET(_xlpm.result,VLOOKUP(B23,FurtherContactDetails!$A$1:$B$1803,2,FALSE), _xlfn.IFNA(IF(_xlpm.result=0,"",_xlpm.result),"")) -> Sharon Salmon - 07345 222 965
A24: 77408 | B24: BISM0000 | C24: 1-28 | D24: Bismuth Heights | E24: 100 | F24: Burnt Oak Broadway | G24: Barnet | H24: HA8 0FX | I24: Yes | J24: Intercom is provided to the flats | K24: No | M24: Yes | N24: Fob key | P24: No | Q24: Samuel Babalola | R24: 46132.503 | S24: Samuel.Babalola@sng.org.uk | T24: 0207 326 3720 | W24: Rukayat Soaga - 07387 525166 | Z24: =_xlfn.LET(_xlpm.result,VLOOKUP(B24,FurtherContactDetails!$A$1:$B$1803,2,FALSE), _xlfn.IFNA(IF(_xlpm.result=0,"",_xlpm.result),"")) -> Rukayat Soaga - 07387 525166
A25: 32981 | B25: BLAN0000-1 | C25: 1-28 | D25: Blanche Court | F25: Rectory Park Avenue | G25: Southall | H25: UB5 6HG | I25: Yes | J25: Intercom is provided to the flats. | K25: Yes | L25: Drop key | M25: Yes | N25: Fob key | O25: Intratone Fob required for bin room and cycle store. | P25: No | Q25: Michael Smith | R25: 46105.673 | T25: 02084381061 | Z25: =_xlfn.LET(_xlpm.result,VLOOKUP(B25,FurtherContactDetails!$A$1:$B$1803,2,FALSE), _xlfn.IFNA(IF(_xlpm.result=0,"",_xlpm.result),""))
A26: 4332 | B26: BRAU0000 | C26: 1-77 | D26: Braunston House | F26: Hatton Road | G26: London | H26: HA0 1RP | I26: Yes | J26: Intercom to flats (no trade button). | K26: Yes | L26: Drop key | M26: Yes | N26: Fob key | O26: Collect from concierge Venice House | P26: No | Q26: Security Office | R26: 46038.454 | S26: 243ealingroad@networkhomes.org.uk | T26: 2089976822 | U26: 7741744603 | W26: Sharon Salmon - 07345 222 965 | Z26: =_xlfn.LET(_xlpm.result,VLOOKUP(B26,FurtherContactDetails!$A$1:$B$1803,2,FALSE), _xlfn.IFNA(IF(_xlpm.result=0,"",_xlpm.result),"")) -> Sharon Salmon - 07345 222 965
A27: 44521 | B27: 2327030000 | D27: Community Hall | F27: Folly View | G27: Ware | H27: SG12 8AY | I27: No | K27: No | M27: Yes | N27: Master key | O27: Codes - 0836 - External key safe. 1970 - Contractors key safe | P27: Yes | Q27: Debbie Gurrin | S27: debbie.gurrin@networkhomes.org.uk | T27: 07899922581 | U27: 01992501678 | Z27: =_xlfn.LET(_xlpm.result,VLOOKUP(B27,FurtherContactDetails!$A$1:$B$1803,2,FALSE), _xlfn.IFNA(IF(_xlpm.result=0,"",_xlpm.result),""))
A28: 14367 | B28: AIRC0077 | C28: 76-99 | F28: Airco Close | G28: London | H28: NW9 0NX | I28: Yes | J28: Intercom is provided to flats. Trade times are unknown. Entry can also be gained by a key fob. | M28: Yes | N28: Master key | O28: Key to be collected from Innisfree Housing Association Ltd, 190 Iverson Road, London, NW6 2HL | Q28: Amarjit Gujral | S28: amarjit@apnaghar.org.uk | T28: 02037645082 | U28: 07920776348 | Z28: =_xlfn.LET(_xlpm.result,VLOOKUP(B28,FurtherContactDetails!$A$1:$B$1803,2,FALSE), _xlfn.IFNA(IF(_xlpm.result=0,"",_xlpm.result),""))
A29: 79798 | B29: AMA0000 | C29: 1-74 | D29: Amour Court | E29: 4A | F29: Central Way | G29: London | H29: NW10 7RW | I29: Yes | J29: Intercom to Flats only, no Trade button. | K29: No | M29: Yes | N29: Master key | O29: KMS required for Building Entry & Stairwell. Master Keys required for Riser Cupboards. | P29: No | Q29: Marlon Jagdeo | R29: 45744.453 | S29: marlon.jagdeo@barnardmarcus.co.uk | T29: 020 8579 5050 | U29: 07860381463 | W29: Rukayat Soaga - 07387 525166 | Z29: =_xlfn.LET(_xlpm.result,VLOOKUP(B29,FurtherContactDetails!$A$1:$B$1803,2,FALSE), _xlfn.IFNA(IF(_xlpm.result=0,"",_xlpm.result),"")) -> Rukayat Soaga - 07387 525166
A30: 44882 | B30: ANNA0000 | C30: 1-11 | D30: Anna Court | F30: The Ridgeway | G30: Hertford | H30: SG14 2TL | I30: Yes | J30: Intercom available, no trades | K30: No | M30: Yes | N30: Master key | O30: Non standard key for risers. | P30: No | Z30: =_xlfn.LET(_xlpm.result,VLOOKUP(B30,FurtherContactDetails!$A$1:$B$1803,2,FALSE), _xlfn.IFNA(IF(_xlpm.result=0,"",_xlpm.result),""))
A31: 13839 | B31: ASHM0121 | C31: A-C | E31: 121 | F31: Ashmore Road | G31: London | H31: W9 3DA | I31: No | K31: No | M31: Yes | N31: Master key | P31: No | Z31: =_xlfn.LET(_xlpm.result,VLOOKUP(B31,FurtherContactDetails!$A$1:$B$1803,2,FALSE), _xlfn.IFNA(IF(_xlpm.result=0,"",_xlpm.result),""))
A32: 2747 | B32: ASHM0122 | C32: A-C | E32: 122 | F32: Ashmore Road | G32: London | H32: W9 3DQ | I32: Yes | J32: Intercom to the flats. No trade button. | K32: No | M32: Yes | N32: Master key | P32: No | Z32: =_xlfn.LET(_xlpm.result,VLOOKUP(B32,FurtherContactDetails!$A$1:$B$1803,2,FALSE), _xlfn.IFNA(IF(_xlpm.result=0,"",_xlpm.result),""))
A33: 13841 | B33: ASHM0125 | C33: A-C | E33: 125 | F33: Ashmore Road | G33: London | H33: W9 3DA | I33: No | K33: No | M33: Yes | N33: Master key | P33: No | Z33: =_xlfn.LET(_xlpm.result,VLOOKUP(B33,FurtherContactDetails!$A$1:$B$1803,2,FALSE), _xlfn.IFNA(IF(_xlpm.result=0,"",_xlpm.result),""))
A34: 13842 | B34: ASHM0137 | C34: A-C | E34: 137 | F34: Ashmore Road | G34: London | H34: W9 3DA | I34: Yes | J34: daytime | K34: No | M34: Yes | N34: Master key | P34: No | Z34: =_xlfn.LET(_xlpm.result,VLOOKUP(B34,FurtherContactDetails!$A$1:$B$1803,2,FALSE), _xlfn.IFNA(IF(_xlpm.result=0,"",_xlpm.result),""))
A35: 13847 | B35: ASHM0161 | C35: A-B | E35: 161 | F35: Ashmore Road | G35: London | H35: W9 3DA | I35: Yes | J35: daytime | K35: No | M35: Yes | N35: Master key | P35: No | Z35: =_xlfn.LET(_xlpm.result,VLOOKUP(B35,FurtherContactDetails!$A$1:$B$1803,2,FALSE), _xlfn.IFNA(IF(_xlpm.result=0,"",_xlpm.result),""))
A36: 4588 | B36: ASHM0242 | C36: A-C | E36: 242 | F36: Ashmore Road | G36: London | H36: W9 3DD | I36: No | K36: No | M36: Yes | N36: Master key | P36: No | Z36: =_xlfn.LET(_xlpm.result,VLOOKUP(B36,FurtherContactDetails!$A$1:$B$1803,2,FALSE), _xlfn.IFNA(IF(_xlpm.result=0,"",_xlpm.result),""))
A37: 8918 | B37: ATRI0001 | D37: Atrium Point | F37: Greenford Road | G37: Greenford | H37: UB6 0FF | I37: Yes | J37: Intercom is provided to flats and the concierge.Barrier at the entrance to the territory code:1234# | K37: Yes | L37: Drop key | M37: Yes | N37: Master key | O37: Required to access the flats. | P37: No | W37: Nargis Khan - 07385952920 | Z37: =_xlfn.LET(_xlpm.result,VLOOKUP(B37,FurtherContactDetails!$A$1:$B$1803,2,FALSE), _xlfn.IFNA(IF(_xlpm.result=0,"",_xlpm.result),"")) -> Nargis Khan - 07385952920
A38: 3641 | B38: AVER0001 | C38: 1-140 | D38: Avery Court | E38: 40, 41 & 45 | F38: Capitol Way | G38: London | H38: NW9 0AU | I38: Yes | J38: unknown | K38: Yes | L38: Drop key | M38: Yes | N38: Master key | O38: collect fob from Everly House | P38: No | Q38: Security Office | R38: 46038.455 | S38: 243ealingroad@networkhomes.org.uk | T38: 2089976822 | U38: 7741744603 | W38: Rukayat Soaga - 07387 525166 | Z38: =_xlfn.LET(_xlpm.result,VLOOKUP(B38,FurtherContactDetails!$A$1:$B$1803,2,FALSE), _xlfn.IFNA(IF(_xlpm.result=0,"",_xlpm.result),"")) -> Rukayat Soaga - 07387 525166
A39: 4217 | B39: BARD0000-1 | C39: 1-8 | D39: Barnard House | F39: Brenthouse Road | G39: London | H39: E9 6QN | I39: Yes | J39: intercom to flats | K39: Yes | L39: Drop key | M39: Yes | N39: Master key | O39: Collect from office block 1-8 Room D | P39: No | Q39: Kris Vadher | R39: 46218.582 | T39: 07769931222 | V39: Project Manager | Z39: =_xlfn.LET(_xlpm.result,VLOOKUP(B39,FurtherContactDetails!$A$1:$B$1803,2,FALSE), _xlfn.IFNA(IF(_xlpm.result=0,"",_xlpm.result),""))
A40: 6453 | B40: BARD0000-2 | C40: 9-16 | D40: Barnard House | F40: Brenthouse Road | G40: London | H40: E9 6QN | I40: Yes | J40: intercom to flats | K40: Yes | L40: Drop key | M40: Yes | N40: Master key | O40: collect key from block 1-8 room D | P40: No | Q40: Kris Vadher | R40: 46218.582 | T40: 07769931222 | V40: Project Manager | Z40: =_xlfn.LET(_xlpm.result,VLOOKUP(B40,FurtherContactDetails!$A$1:$B$1803,2,FALSE), _xlfn.IFNA(IF(_xlpm.result=0,"",_xlpm.result),""))
A41: 6753 | B41: BARD0000-3 | C41: 17-24 | D41: Barnard House | F41: Brenthouse Road | G41: London | H41: E9 6QN | I41: Yes | J41: intercom to flats | K41: Yes | L41: Drop key | M41: Yes | N41: Master key | O41: Collect from office block 1-8 Room D | P41: No | Q41: Kris Vadher | R41: 46218.582 | T41: 07769931222 | V41: Project Manager | Z41: =_xlfn.LET(_xlpm.result,VLOOKUP(B41,FurtherContactDetails!$A$1:$B$1803,2,FALSE), _xlfn.IFNA(IF(_xlpm.result=0,"",_xlpm.result),""))
A42: 14375 | B42: BARL0001 | C42: 1A- 3B | F42: Barleycroft | G42: Hertford | H42: SG14 2QB | I42: No | K42: No | M42: Yes | N42: Master key | P42: No | Z42: =_xlfn.LET(_xlpm.result,VLOOKUP(B42,FurtherContactDetails!$A$1:$B$1803,2,FALSE), _xlfn.IFNA(IF(_xlpm.result=0,"",_xlpm.result),""))
A43: 3580 | B43: BEEC0000 | C43: 1-40 | D43: Beech Court | E43: 62 | F43: Riverdene Road | G43: London | H43: IG1 2EA | I43: Yes | J43: Trade button & Intercom | K43: Yes | L43: Drop key | M43: Yes | N43: Master key | P43: No | Q43: Stefano Rinaldi | S43: StefanoRinaldi@lookahead.org.uk | T43: 02084516843 | Z43: =_xlfn.LET(_xlpm.result,VLOOKUP(B43,FurtherContactDetails!$A$1:$B$1803,2,FALSE), _xlfn.IFNA(IF(_xlpm.result=0,"",_xlpm.result),""))
A44: 14382 | B44: BELL0029 | C44: A-B | E44: 29 | F44: Bellefields Road | G44: London | H44: SW9 9UH | I44: No | K44: No | M44: Yes | N44: Master key | P44: No | Z44: =_xlfn.LET(_xlpm.result,VLOOKUP(B44,FurtherContactDetails!$A$1:$B$1803,2,FALSE), _xlfn.IFNA(IF(_xlpm.result=0,"",_xlpm.result),""))
A45: 724 | B45: BICK0000 | C45: 1-13 | D45: Bickleigh House | F45: Frogwell Close | G45: London | H45: N15 6ED | I45: Yes | J45: Unknown | K45: Yes | L45: Drop key | M45: Yes | N45: Master key | P45: No | Z45: =_xlfn.LET(_xlpm.result,VLOOKUP(B45,FurtherContactDetails!$A$1:$B$1803,2,FALSE), _xlfn.IFNA(IF(_xlpm.result=0,"",_xlpm.result),""))
A46: 3582 | B46: BIRC0019 | C46: 19-19A & 21A-F | F46: Birch Green | G46: Hertford | H46: SG14 2LR | I46: No | K46: No | M46: Yes | N46: Master key | O46: Master key required for electrical cupboard | P46: No | Q46: Stefano Rinaldi | S46: StefanoRinaldi@lookahead.org.uk | T46: 02084516843 | Z46: =_xlfn.LET(_xlpm.result,VLOOKUP(B46,FurtherContactDetails!$A$1:$B$1803,2,FALSE), _xlfn.IFNA(IF(_xlpm.result=0,"",_xlpm.result),""))
A47: 4976 | B47: BLEN0051 | C47: A-B | E47: 51 | F47: Blenheim Gardens | G47: London | H47: NW2 4NR | I47: Yes | J47: Intercom with no trades button | K47: No | M47: Yes | N47: Master key | P47: No | Z47: =_xlfn.LET(_xlpm.result,VLOOKUP(B47,FurtherContactDetails!$A$1:$B$1803,2,FALSE), _xlfn.IFNA(IF(_xlpm.result=0,"",_xlpm.result),""))
A48: 13865 | B48: BRAV0093 | C48: A-B | E48: 93 | F48: Bravington Road | G48: London | H48: W9 3AL | I48: Yes | J48: daytime | K48: No | M48: Yes | N48: Master key | P48: No | Z48: =_xlfn.LET(_xlpm.result,VLOOKUP(B48,FurtherContactDetails!$A$1:$B$1803,2,FALSE), _xlfn.IFNA(IF(_xlpm.result=0,"",_xlpm.result),""))
A49: 77062 | B49: ACAD0129 | C49: 129 - 139 | F49: Academy Way | G49: Loughton, Essex | H49: IG10 3GY | I49: Yes | J49: Intercom with trades, times not known | K49: Yes | L49: Drop key | M49: Yes | N49: Not listed/other | O49: Gerda keys to risers, fobs to internal door and bin store. | P49: No | Z49: =_xlfn.LET(_xlpm.result,VLOOKUP(B49,FurtherContactDetails!$A$1:$B$1803,2,FALSE), _xlfn.IFNA(IF(_xlpm.result=0,"",_xlpm.result),""))
A50: 79431 | B50: AIRC135142 | C50: 135-142 | F50: Airco Close | G50: London | H50: NW9 0NX | I50: Yes | J50: No details | K50: Yes | L50: Drop key | M50: Yes | N50: Not listed/other | P50: No | Z50: =_xlfn.LET(_xlpm.result,VLOOKUP(B50,FurtherContactDetails!$A$1:$B$1803,2,FALSE), _xlfn.IFNA(IF(_xlpm.result=0,"",_xlpm.result),""))
A51: 79430 | B51: AIRC6570 | C51: 65-70 | F51: Airco Close | G51: London | H51: NW9 0NX | I51: Yes | J51: No details | K51: Yes | L51: Drop key | M51: Yes | N51: Not listed/other | P51: No | Z51: =_xlfn.LET(_xlpm.result,VLOOKUP(B51,FurtherContactDetails!$A$1:$B$1803,2,FALSE), _xlfn.IFNA(IF(_xlpm.result=0,"",_xlpm.result),""))
A52: 8342 | B52: ALDM0000 | C52: 1-21 | D52: Aldermans House | E52: 1 | F52: Ward Lane | G52: London | H52: E9 5QY | I52: Yes | J52: intercom to flats | K52: Yes | L52: Drop key | M52: Yes | N52: Not listed/other | O52: Intratone Fob & Bitron Key fob required for bin/bike stores and to access the accommodation lobbies. | P52: No | Z52: =_xlfn.LET(_xlpm.result,VLOOKUP(B52,FurtherContactDetails!$A$1:$B$1803,2,FALSE), _xlfn.IFNA(IF(_xlpm.result=0,"",_xlpm.result),""))
A53: 4942 | B53: ALGE0014 | C53: A-C | E53: 14 | F53: Algernon Road | G53: London | H53: NW6 6PU | I53: Yes | J53: Intercom only | K53: No | M53: Yes | N53: Not listed/other | O53: Gerda | P53: No | Z53: =_xlfn.LET(_xlpm.result,VLOOKUP(B53,FurtherContactDetails!$A$1:$B$1803,2,FALSE), _xlfn.IFNA(IF(_xlpm.result=0,"",_xlpm.result),""))
A54: 4946 | B54: ARCT0000 | C54: 1-50 | D54: The Archer Tower | F54: Berger Road | G54: London | H54: E9 6FG | M54: Yes | N54: Not listed/other | O54: Drop Key - Fobs available for collection with Security at Archer Tower available 24/7 | Q54: Shawn Casini | R54: 46105.673 | S54: shawn.casini@sovereign.org.uk | T54: 7392194436 | U54: 3003733000 | V54: Fobs available for collection with Security at Archer Tower available 24/7 | Z54: =_xlfn.LET(_xlpm.result,VLOOKUP(B54,FurtherContactDetails!$A$1:$B$1803,2,FALSE), _xlfn.IFNA(IF(_xlpm.result=0,"",_xlpm.result),""))
A55: 9086 | B55: ARLI0000 | C55: 1-21 | D55: Arlidge House | E55: 11-14 | F55: Kirby Street | G55: London | H55: EC1N 8TW | I55: Yes | J55: intercom to flats and trade button unknown times | K55: Yes | L55: Drop key | M55: Yes | N55: Not listed/other | O55: PAC access fobs - email BECKY (becky.skinner@sng.org.uk) IN ADVANCE with full property address for additional fobs & Arrange FOB Collection from SNG Head Office: The Hive, 22 Wembley Park Boulevard, London, HA9 0HP | P55: No | Z55: =_xlfn.LET(_xlpm.result,VLOOKUP(B55,FurtherContactDetails!$A$1:$B$1803,2,FALSE), _xlfn.IFNA(IF(_xlpm.result=0,"",_xlpm.result),""))
A56: 9087 | B56: ARTI0000 | C56: 1-17 | F56: Artillery Place | G56: London | H56: SW1P 1HE | I56: Yes | J56: Intercom to flats only. | K56: No | M56: Yes | N56: Not listed/other | O56: IP Guard fob access - can be picked up from office - email BECKY (becky.skinner@sng.org.uk) IN ADVANCE with full property address for additional fobs & Arrange FOB Collection from SNG Head Office: The Hive, 22 Wembley Park Boulevard, London, HA9 0HP | P56: No | Z56: =_xlfn.LET(_xlpm.result,VLOOKUP(B56,FurtherContactDetails!$A$1:$B$1803,2,FALSE), _xlfn.IFNA(IF(_xlpm.result=0,"",_xlpm.result),""))
A57: 9088 | B57: ASTL0000 | C57: 1-24 | D57: Astley House | F57: Alfred Road | G57: London | H57: W2 5EX | I57: Yes | J57: Trade Button | K57: Yes | L57: Drop key | M57: Yes | N57: Not listed/other | O57: Network Gerda keys / NH70/NH80 required for CAD lockables Fob and drop key for main entrance | P57: No | Q57: Rhys Jenkins | R57: 46105.673 | S57: rhys.jenkins@sng.org.uk | T57: 7471278199 | V57: Shared car park located basement underneath building accessed from external stair or car ramp access point. | W57: Sharon Salmon - 07345 222 965 | Z57: =_xlfn.LET(_xlpm.result,VLOOKUP(B57,FurtherContactDetails!$A$1:$B$1803,2,FALSE), _xlfn.IFNA(IF(_xlpm.result=0,"",_xlpm.result),"")) -> Sharon Salmon - 07345 222 965
A58: 4961 | B58: BALM0008 | C58: A-B | E58: 8 | F58: Balmoral Road | G58: London | H58: NW2 5DY | I58: Yes | J58: Intercom is provided to flats. | K58: No | M58: Yes | N58: Not listed/other | P58: No | Z58: =_xlfn.LET(_xlpm.result,VLOOKUP(B58,FurtherContactDetails!$A$1:$B$1803,2,FALSE), _xlfn.IFNA(IF(_xlpm.result=0,"",_xlpm.result),""))
A59: 14381 | B59: BELL0024 | C59: A-B | E59: 24 | F59: Bellefields Road | G59: London | H59: SW9 9UQ | I59: No | K59: No | M59: Yes | N59: Not listed/other | P59: No | Z59: =_xlfn.LET(_xlpm.result,VLOOKUP(B59,FurtherContactDetails!$A$1:$B$1803,2,FALSE), _xlfn.IFNA(IF(_xlpm.result=0,"",_xlpm.result),""))
A60: 14384 | B60: BELL0038 | C60: A-B | E60: 38 | F60: Bellefields Road | G60: London | H60: SW9 9UQ | I60: No | K60: No | M60: Yes | N60: Not listed/other | P60: No | Z60: =_xlfn.LET(_xlpm.result,VLOOKUP(B60,FurtherContactDetails!$A$1:$B$1803,2,FALSE), _xlfn.IFNA(IF(_xlpm.result=0,"",_xlpm.result),""))
A61: 14385 | B61: BELL0040 | C61: A-B | E61: 40 | F61: Bellefields Road | G61: London | H61: SW9 9UQ | I61: No | K61: No | M61: Yes | N61: Not listed/other | P61: No | Z61: =_xlfn.LET(_xlpm.result,VLOOKUP(B61,FurtherContactDetails!$A$1:$B$1803,2,FALSE), _xlfn.IFNA(IF(_xlpm.result=0,"",_xlpm.result),""))
A62: 14386 | B62: BELL0042 | C62: A-B | E62: 42 | F62: Bellefields Road | G62: London | H62: SW9 9UQ | I62: No | K62: No | M62: Yes | N62: Not listed/other | P62: No | Z62: =_xlfn.LET(_xlpm.result,VLOOKUP(B62,FurtherContactDetails!$A$1:$B$1803,2,FALSE), _xlfn.IFNA(IF(_xlpm.result=0,"",_xlpm.result),""))
A63: 4977 | B63: BLEN0072 | C63: A-B | E63: 72 | F63: Blenheim Gardens | G63: London | H63: NW2 4NT | I63: Yes | J63: Intecom only | K63: No | M63: Yes | N63: Not listed/other | P63: No | Z63: =_xlfn.LET(_xlpm.result,VLOOKUP(B63,FurtherContactDetails!$A$1:$B$1803,2,FALSE), _xlfn.IFNA(IF(_xlpm.result=0,"",_xlpm.result),""))
A64: 4978 | B64: BOSS0000 | C64: 1-9 | D64: Boss House | F64: Berger Road | G64: London | H64: E9 6FH | I64: Yes | J64: intercom | K64: Yes | L64: Drop key | M64: Yes | N64: Not listed/other | O64: KMS fob access - Contact on site Concierge located at Archer Tower or, Savilles have these fobs as confirmed via email - email BECKY (becky.skinner@sng.org.uk) IN ADVANCE with full property address for additional fobs & Arrange FOB Collection from SNG Head Office: The Hive, 22 Wembley Park Boulevard, London, HA9 0HP | P64: Yes | Q64: 24HR Onsite Concierge Located at Archer Tower | R64: 45981.421 | W64: Adam Farah - 07471813617 | Z64: =_xlfn.LET(_xlpm.result,VLOOKUP(B64,FurtherContactDetails!$A$1:$B$1803,2,FALSE), _xlfn.IFNA(IF(_xlpm.result=0,"",_xlpm.result),"")) -> Adam Farah - 07471813617
A65: 4979 | B65: BOWM0000 | C65: 1-16 | D65: Bowman House | F65: Berger Road | G65: London | H65: E9 6FH | I65: Yes | J65: intercom, Lift [Floor# G35] | K65: Yes | L65: Drop key | M65: Yes | N65: Not listed/other | O65: KMS fob access - Contact on site Concierge located at Archer Tower or, Savilles have these fobs as confirmed via email - email BECKY (becky.skinner@sng.org.uk) IN ADVANCE with full property address for additional fobs & Arrange FOB Collection from SNG Head Office: The Hive, 22 Wembley Park Boulevard, London, HA9 0HP | P65: No | Q65: 24HR Onsite Concierge Located at Archer Tower | R65: 45981.422 | W65: Adam | Z65: =_xlfn.LET(_xlpm.result,VLOOKUP(B65,FurtherContactDetails!$A$1:$B$1803,2,FALSE), _xlfn.IFNA(IF(_xlpm.result=0,"",_xlpm.result),"")) -> Adam
A66: 107702 | B66: 31816 | C66: 1-31 | D66: Oyster Bay Apartments | F66: Sterte Close | G66: Poole | H66: BH15 2FN | Z66: =_xlfn.LET(_xlpm.result,VLOOKUP(B66,FurtherContactDetails!$A$1:$B$1803,2,FALSE), _xlfn.IFNA(IF(_xlpm.result=0,"",_xlpm.result),""))
A67: 107703 | B67: 63406 | C67: 1-49 | D67: Quay Point | F67: Lime Kiln Road | G67: Bristol | H67: BS1 5AD | Z67: =_xlfn.LET(_xlpm.result,VLOOKUP(B67,FurtherContactDetails!$A$1:$B$1803,2,FALSE), _xlfn.IFNA(IF(_xlpm.result=0,"",_xlpm.result),""))
A68: 13830 | B68: ABEC0015 | C68: A-C | E68: 15 | F68: Abercorn Road | G68: London | H68: NW7 1JH | I68: No | K68: No | M68: No | P68: No | Z68: =_xlfn.LET(_xlpm.result,VLOOKUP(B68,FurtherContactDetails!$A$1:$B$1803,2,FALSE), _xlfn.IFNA(IF(_xlpm.result=0,"",_xlpm.result),""))
A69: 13786 | B69: ABER0042 | C69: A-B | E69: 42 | F69: Aberdeen Road | G69: London | H69: HA3 7NG | I69: Yes | J69: Intercom only | K69: No | M69: No | P69: No | Z69: =_xlfn.LET(_xlpm.result,VLOOKUP(B69,FurtherContactDetails!$A$1:$B$1803,2,FALSE), _xlfn.IFNA(IF(_xlpm.result=0,"",_xlpm.result),""))
A70: 13831 | B70: ACKL0001 | C70: A-B | E70: 1 | F70: Ackland Road | G70: London | H70: NW2 5AX | Z70: =_xlfn.LET(_xlpm.result,VLOOKUP(B70,FurtherContactDetails!$A$1:$B$1803,2,FALSE), _xlfn.IFNA(IF(_xlpm.result=0,"",_xlpm.result),""))
A71: 13832 | B71: ACTO0008 | C71: A-B | E71: 8 | F71: Acton Lane | G71: London | H71: NW10 8TS | I71: No | K71: No | M71: No | P71: No | Z71: =_xlfn.LET(_xlpm.result,VLOOKUP(B71,FurtherContactDetails!$A$1:$B$1803,2,FALSE), _xlfn.IFNA(IF(_xlpm.result=0,"",_xlpm.result),""))
A72: 13485 | B72: ACTO0011 | C72: A-C | E72: 11 | F72: Acton Lane | G72: London | H72: NW10 8UX | I72: No | K72: No | M72: No | P72: No | Z72: =_xlfn.LET(_xlpm.result,VLOOKUP(B72,FurtherContactDetails!$A$1:$B$1803,2,FALSE), _xlfn.IFNA(IF(_xlpm.result=0,"",_xlpm.result),""))
A73: 78558 | B73: AGAE0000-2 | C73: 100 | D73: Carpark Agate/Bismuth Heights | E73: 100 | F73: Burnt Oak Broadway | G73: Barnet | H73: HA8 0FW | I73: No | K73: No | M73: No | P73: No | Q73: Samuel Babalola | R73: 46132.503 | S73: Samuel.Babalola@sng.org.uk | T73: 0207 326 3720 | W73: Rukayat Soaga - 07387 525166 | Z73: =_xlfn.LET(_xlpm.result,VLOOKUP(B73,FurtherContactDetails!$A$1:$B$1803,2,FALSE), _xlfn.IFNA(IF(_xlpm.result=0,"",_xlpm.result),"")) -> Rukayat Soaga - 07387 525166
A74: 4211 | B74: AIRC0030 | C74: 30-53 | F74: Airco Close | G74: London | H74: NW9 0NW | I74: Yes | J74: intercom facility but no trades access | K74: Yes | L74: Drop key | M74: No | P74: No | Q74: Amarjit Gujral | S74: amarjit@apnaghar.org.uk | T74: 02037645082 | U74: 07920776348 | Z74: =_xlfn.LET(_xlpm.result,VLOOKUP(B74,FurtherContactDetails!$A$1:$B$1803,2,FALSE), _xlfn.IFNA(IF(_xlpm.result=0,"",_xlpm.result),""))
A75: 53893 | B75: AIRC0054 | C75: 59-64 | F75: Airco Close | G75: London | H75: NW9 0NW | I75: Yes | J75: Intercom available, no trades | K75: Yes | L75: Drop key | M75: No | P75: No | Z75: =_xlfn.LET(_xlpm.result,VLOOKUP(B75,FurtherContactDetails!$A$1:$B$1803,2,FALSE), _xlfn.IFNA(IF(_xlpm.result=0,"",_xlpm.result),""))
A76: 79800 | B76: ALAM0000 | C76: 1-7 & 1-9 | D76: Amara & Alia Court | E76: 96 & 98 | F76: Station Road | G76: London | H76: HA8 7AA | Z76: =_xlfn.LET(_xlpm.result,VLOOKUP(B76,FurtherContactDetails!$A$1:$B$1803,2,FALSE), _xlfn.IFNA(IF(_xlpm.result=0,"",_xlpm.result),""))
A77: 106797 | B77: ALAM0000-CP | D77: Amara, Alia, Sofiya & Rabia Court Shared Carpark | E77: 96 & 98 | F77: Station Road | G77: London | H77: HA8 7AA | I77: No | K77: No | M77: No | P77: No | Q77: Samuel Babalola | R77: 46132.503 | S77: Samuel.Babalola@sng.org.uk | T77: 0207 326 3720 | Z77: =_xlfn.LET(_xlpm.result,VLOOKUP(B77,FurtherContactDetails!$A$1:$B$1803,2,FALSE), _xlfn.IFNA(IF(_xlpm.result=0,"",_xlpm.result),""))
A78: 14368 | B78: ALBI0114 | E78: 114 | F78: Albion Drive | G78: London | H78: E8 4LY | Z78: =_xlfn.LET(_xlpm.result,VLOOKUP(B78,FurtherContactDetails!$A$1:$B$1803,2,FALSE), _xlfn.IFNA(IF(_xlpm.result=0,"",_xlpm.result),""))
A79: 14369 | B79: ALBI0116 | C79: 114A, 114B, 114C, 116A & 116B | E79: 114-116 | F79: Albion Drive | G79: London | H79: E8 4LY | I79: No | K79: No | M79: No | P79: No | Z79: =_xlfn.LET(_xlpm.result,VLOOKUP(B79,FurtherContactDetails!$A$1:$B$1803,2,FALSE), _xlfn.IFNA(IF(_xlpm.result=0,"",_xlpm.result),""))
A80: 13833 | B80: ALBI0124 | C80: A-B | E80: 124A | F80: Albion Drive | G80: London | H80: E8 4LY | Z80: =_xlfn.LET(_xlpm.result,VLOOKUP(B80,FurtherContactDetails!$A$1:$B$1803,2,FALSE), _xlfn.IFNA(IF(_xlpm.result=0,"",_xlpm.result),""))
A81: 14054 | B81: ALGE0010 | E81: 10A | F81: Algernon Road Kilburn | G81: London | H81: NW6 6PU | Z81: =_xlfn.LET(_xlpm.result,VLOOKUP(B81,FurtherContactDetails!$A$1:$B$1803,2,FALSE), _xlfn.IFNA(IF(_xlpm.result=0,"",_xlpm.result),""))
A82: 14370 | B82: ALLS0032 | C82: A & B | E82: 32 | F82: All Souls Avenue | G82: London | H82: NW10 5AR | I82: Yes | J82: Intercom to flats. | K82: No | M82: No | P82: No | Z82: =_xlfn.LET(_xlpm.result,VLOOKUP(B82,FurtherContactDetails!$A$1:$B$1803,2,FALSE), _xlfn.IFNA(IF(_xlpm.result=0,"",_xlpm.result),""))
A83: 14055 | B83: ALLS0236 | C83: A-B | E83: 236 | F83: All Souls Avenue | G83: London | H83: NW10 3AD | Z83: =_xlfn.LET(_xlpm.result,VLOOKUP(B83,FurtherContactDetails!$A$1:$B$1803,2,FALSE), _xlfn.IFNA(IF(_xlpm.result=0,"",_xlpm.result),""))
A84: 4943 | B84: ALMA0000 | C84: 1-12 | D84: Alma Birk House | E84: 25-27 | F84: Cavendish Road | G84: London | H84: NW6 7XR | I84: No | K84: No | M84: No | P84: No | Z84: =_xlfn.LET(_xlpm.result,VLOOKUP(B84,FurtherContactDetails!$A$1:$B$1803,2,FALSE), _xlfn.IFNA(IF(_xlpm.result=0,"",_xlpm.result),""))
A85: 8289 | B85: ALMI0000 | C85: A-B | E85: 8 | F85: Almington Street | G85: London | H85: N4 3BP | Q85: Paul Dempsey | S85: paul.dempsey@alamoco-op.org | T85: 02072723391 | U85: 07931771737 | Z85: =_xlfn.LET(_xlpm.result,VLOOKUP(B85,FurtherContactDetails!$A$1:$B$1803,2,FALSE), _xlfn.IFNA(IF(_xlpm.result=0,"",_xlpm.result),""))
A86: 14316 | B86: AMAR0000 | C86: 1-9 | D86: Amarjot Court | F86: Featherstone Road | G86: Southall | H86: UB2 5BF | I86: Yes | J86: Intercom to flats. | K86: Yes | L86: Drop key | M86: No | P86: No | Z86: =_xlfn.LET(_xlpm.result,VLOOKUP(B86,FurtherContactDetails!$A$1:$B$1803,2,FALSE), _xlfn.IFNA(IF(_xlpm.result=0,"",_xlpm.result),""))
A87: 13834 | B87: AMBL0016 | C87: A-B | E87: 16 | F87: Ambleside Road | G87: London | H87: NW10 3UJ | I87: Yes | J87: Intercom | K87: No | M87: No | P87: No | Z87: =_xlfn.LET(_xlpm.result,VLOOKUP(B87,FurtherContactDetails!$A$1:$B$1803,2,FALSE), _xlfn.IFNA(IF(_xlpm.result=0,"",_xlpm.result),""))
A88: 12817 | B88: AMBR0015 | C88: 1-3 | E88: 15 | F88: Ambler Road | G88: London | H88: N4 2QT | I88: No | K88: No | M88: No | P88: No | Z88: =_xlfn.LET(_xlpm.result,VLOOKUP(B88,FurtherContactDetails!$A$1:$B$1803,2,FALSE), _xlfn.IFNA(IF(_xlpm.result=0,"",_xlpm.result),""))
A89: 14371 | B89: ANCO0026 | C89: A & B | E89: 26 | F89: Ancona Road | G89: London | H89: NW10 5YA | I89: Yes | J89: Intercom to flats. | K89: No | M89: No | P89: No | Z89: =_xlfn.LET(_xlpm.result,VLOOKUP(B89,FurtherContactDetails!$A$1:$B$1803,2,FALSE), _xlfn.IFNA(IF(_xlpm.result=0,"",_xlpm.result),""))
A90: 13699 | B90: ANSO0026 | C90: 1-3 | E90: 26 | F90: Anson Road | G90: London | H90: NW2 3UU | I90: Yes | J90: Access only | K90: No | M90: No | P90: No | Z90: =_xlfn.LET(_xlpm.result,VLOOKUP(B90,FurtherContactDetails!$A$1:$B$1803,2,FALSE), _xlfn.IFNA(IF(_xlpm.result=0,"",_xlpm.result),""))
A91: 13700 | B91: ANSO0045 | C91: A-C | E91: 45 | F91: Anson Road | G91: London | H91: NW2 3UY | I91: Yes | J91: Intercom to flats. | K91: No | M91: No | P91: No | Z91: =_xlfn.LET(_xlpm.result,VLOOKUP(B91,FurtherContactDetails!$A$1:$B$1803,2,FALSE), _xlfn.IFNA(IF(_xlpm.result=0,"",_xlpm.result),""))
A92: 13835 | B92: ANSO0047 | C92: A-D | E92: 47 | F92: Anson Road | G92: London | H92: NW2 3UY | I92: Yes | J92: Times unknown | K92: No | M92: No | P92: No | Z92: =_xlfn.LET(_xlpm.result,VLOOKUP(B92,FurtherContactDetails!$A$1:$B$1803,2,FALSE), _xlfn.IFNA(IF(_xlpm.result=0,"",_xlpm.result),""))
A93: 13701 | B93: ANSO0055 | C93: A-D | E93: 55 | F93: Anson Road | G93: London | H93: NW2 3UY | I93: Yes | J93: intercom to flats | K93: No | M93: No | P93: No | Z93: =_xlfn.LET(_xlpm.result,VLOOKUP(B93,FurtherContactDetails!$A$1:$B$1803,2,FALSE), _xlfn.IFNA(IF(_xlpm.result=0,"",_xlpm.result),""))
A94: 13702 | B94: ANSO0057 | C94: A-D | E94: 57 | F94: Anson Road | G94: London | H94: NW2 3UY | I94: Yes | J94: intercom to flats | K94: No | M94: No | P94: No | Z94: =_xlfn.LET(_xlpm.result,VLOOKUP(B94,FurtherContactDetails!$A$1:$B$1803,2,FALSE), _xlfn.IFNA(IF(_xlpm.result=0,"",_xlpm.result),""))
A95: 12818 | B95: ANSO0064 | C95: 1-8 | E95: 64-66 | F95: Anson Road | G95: London | H95: NW2 6AD | I95: Yes | J95: Intercom to flats | K95: Yes | L95: Drop key | M95: No | P95: No | Q95: Esdras Foxe | R95: 46169.607 | S95: esdras.foxe@hestia.org | T95: 07933820881 | Z95: =_xlfn.LET(_xlpm.result,VLOOKUP(B95,FurtherContactDetails!$A$1:$B$1803,2,FALSE), _xlfn.IFNA(IF(_xlpm.result=0,"",_xlpm.result),""))
A96: 13703 | B96: ARGL0000 | C96: 1-12 | D96: Argyle Mansions | F96: Chichele Road | G96: London | H96: NW2 3DB | I96: Yes | J96: not working at time of inspection | K96: Yes | L96: Drop key | M96: No | P96: No | Z96: =_xlfn.LET(_xlpm.result,VLOOKUP(B96,FurtherContactDetails!$A$1:$B$1803,2,FALSE), _xlfn.IFNA(IF(_xlpm.result=0,"",_xlpm.result),""))
A97: 12485 | B97: ARGU0000-1 | C97: 1-18 | D97: Argus Court | E97: 4 | F97: Guardian Avenue | G97: London | H97: NW9 4BE | I97: Yes | J97: Intercom only. | K97: Yes | L97: Drop key | M97: No | P97: No | Z97: =_xlfn.LET(_xlpm.result,VLOOKUP(B97,FurtherContactDetails!$A$1:$B$1803,2,FALSE), _xlfn.IFNA(IF(_xlpm.result=0,"",_xlpm.result),""))
A98: 4947 | B98: ARRA0000 | C98: 1-31 | D98: Arran Court | F98: Press Road | G98: London | H98: NW10 0EE | Q98: Karen Platt | R98: 45981.459 | S98: karen.platt@sng.org.uk | T98: 07770803487 | U98: 02084520385 | Z98: =_xlfn.LET(_xlpm.result,VLOOKUP(B98,FurtherContactDetails!$A$1:$B$1803,2,FALSE), _xlfn.IFNA(IF(_xlpm.result=0,"",_xlpm.result),""))
A99: 13836 | B99: ARTH0000 | C99: 1-2 | E99: 54 A-C | F99: Arthur Horsley Walk | G99: London | H99: E7 9BD | Z99: =_xlfn.LET(_xlpm.result,VLOOKUP(B99,FurtherContactDetails!$A$1:$B$1803,2,FALSE), _xlfn.IFNA(IF(_xlpm.result=0,"",_xlpm.result),""))
A100: 13837 | B100: ASHB0036 | C100: A-B | E100: 36 | F100: Ashburnham Road | G100: London | H100: NW10 5SD | Z100: =_xlfn.LET(_xlpm.result,VLOOKUP(B100,FurtherContactDetails!$A$1:$B$1803,2,FALSE), _xlfn.IFNA(IF(_xlpm.result=0,"",_xlpm.result),""))
...

Sheet FurtherContactDetails
A1: Customer Building Reference Code | B1: BSO name/ mobile
A2: RAIB0001 | B2: Nargis Khan - 07385952920
A3: OXFO0000 | B3: Richard Brown - 0208 459 9237
A4: AMET0000 | B4: Rukayat Soaga - 07387 525166
A5: ASTL0000 | B5: Sharon Salmon - 07345 222 965
A6: LANG0000 | B6: Richard Brown - 0208 459 9237
A7: PRIC0000 | B7: Richard Brown - 0208 459 9237
A8: BOTA0000 | B8: Nargis Khan - 07385952920
A9: ATRI0001 | B9: Nargis Khan - 07385952920
A10: LARK0002 | B10: Nargis Khan - 07385952920
A11: ULEX0000 | B11: Adam Farah - 07471813617
A12: LINI0000 | B12: Nargis Khan - 07385952920
... A22: ROBA0011 | B22: Shane S. Simpson - 07345 222 959
A23: BURN0000
A24: DOUG0000 | B24: Shane S. Simpson - 07345 222 959
A25: COBB0009
A26: COBB0027
A27: MORI0000 | B27: Shane S. Simpson - 07345 222 959
A28: WILB0007 | B28: Shane S. Simpson - 07345 222 959
A29: HENR0000 | B29: Adam Farah - 07471813617
A30: BREE0000 | B30: Rukayat Soaga - 07387 525166
A31: AVER0001 | B31: Rukayat Soaga - 07387 525166
A32: HANS0015 | B32: Richard Brown - 0208 459 9237
A33: CAMD0082 | B33: Richard Brown - 0208 459 9237
A34: CAMD0072 | B34: Richard Brown - 0208 459 9237
A35: ELEC0000 | B35: Rukayat Soaga - 07387 525166
A36: NAY0000 | B36: Rukayat Soaga - 07387 525166
A37: AMA0000 | B37: Rukayat Soaga - 07387 525166
A38: LEI0000 | B38: Rukayat Soaga - 07387 525166
... A79: COMP0000 | B79: Samuel Drinkwater - 0204 512 5948
A80: ARCT0000
A81: CAMD0074 | B81: Richard
A82: WARR0037 | B82: Richard Brown - 0208 459 9237
A83: WARR0039 | B83: Richard Brown - 0208 459 9237
A84: SUTH0180 | B84: Richard Brown - 0208 459 9237
A85: MAAD0000 | B85: Richard Brown - 0208 459 9237
A86: HIND0000 | B86: Shane S. Simpson - 07345 222 959
A87: EAGE0000 | B87: Adam
A88: LANG0000-CP | B88: Richard Brown - 0208 459 9237
A89: HANL0093
A90: BRIX00241
A91: UPTN0000
A92: UPTN0019
A93: UPTN0030
A94: HAME0000
A95: TANH0000
A96: WARD00002-1
A97: ALDM0000
A98: GRON0000
A99: CIPH0000
A100: STJN0000
... A661: HOLC0007
A662: 2327030000
A663: CLAV0000
A664: WYNT0000
A665: JAMC0000
A666: CHIP0048
A667: HENR0000-CP
A668: NEGD000162-CP
A669: NEAL000000
A670: CHAX0000
A671: HARU0000
A672: LUCT0232
A673: CLOV0000
A674: MAPL0000
... A1803: CROW0064
